Channel ID,Channel URL,Channel title
UCVls1GmFKf6WlTraIb_IaJg,https://www.youtube.com/channel/UCVls1GmFKf6WlTraIb_IaJg,DistroTube
UC3Z5IVoNE5cP2kka5svUEBw,https://www.youtube.com/channel/UC3Z5IVoNE5cP2kka5svUEBw,Taboo Conspiracy
UC1zZE_kJ8rQHgLTVfobLi_g,https://www.youtube.com/channel/UC1zZE_kJ8rQHgLTVfobLi_g,TKOR
UC0W6yc0fG74VDg9NACLzpOg,https://www.youtube.com/channel/UC0W6yc0fG74VDg9NACLzpOg,KeroNgb
UC0e3QhIYukixgh5VVpKHH9Q,https://www.youtube.com/channel/UC0e3QhIYukixgh5VVpKHH9Q,Code Bullet
UC2V1eUZ2ZV3UUHTWQuOAgnQ,https://www.youtube.com/channel/UC2V1eUZ2ZV3UUHTWQuOAgnQ,SAM SHAMOUN CLIPS 
UC5_YHkJ1i5E7E5J5wuU7oyw,https://www.youtube.com/channel/UC5_YHkJ1i5E7E5J5wuU7oyw,NadeKing
UC2DrpKEbh7UBb5oKk66p3ng,https://www.youtube.com/channel/UC2DrpKEbh7UBb5oKk66p3ng,Zherka Live
UC-yUz3dsTQyRT3_FeV7-YbA,https://www.youtube.com/channel/UC-yUz3dsTQyRT3_FeV7-YbA,HBYerm
UC4et5EGjwrSzE7nA6AlZ37g,https://www.youtube.com/channel/UC4et5EGjwrSzE7nA6AlZ37g,swedz c#
UC-3cxGOKR7TOHT2ZL9DhkWQ,https://www.youtube.com/channel/UC-3cxGOKR7TOHT2ZL9DhkWQ,Encreate
UC0ds7DW6IIl7mXcyz5vMEHQ,https://www.youtube.com/channel/UC0ds7DW6IIl7mXcyz5vMEHQ,Blackberry Boy
UC1ZRy6KCEmSQtJ8SeM0ckjA,https://www.youtube.com/channel/UC1ZRy6KCEmSQtJ8SeM0ckjA,FLAT OUT TRUTH (RESURRECTION)
UC1VLQPn9cYSqx8plbk9RxxQ,https://www.youtube.com/channel/UC1VLQPn9cYSqx8plbk9RxxQ,The Action Lab
UC5RqO2Q3xiRZCpdnCkM4rvQ,https://www.youtube.com/channel/UC5RqO2Q3xiRZCpdnCkM4rvQ,TheArchive
UC4HttNRwamCTHVu_H6i-uvw,https://www.youtube.com/channel/UC4HttNRwamCTHVu_H6i-uvw,Fed Reacts
UC-QVV8CC5TSpdVHjA0-su9A,https://www.youtube.com/channel/UC-QVV8CC5TSpdVHjA0-su9A,84 Locksmith
UC0XzPAE0C9609R6ZB5UjXuw,https://www.youtube.com/channel/UC0XzPAE0C9609R6ZB5UjXuw,FILM ROLL
UC0_CSKUIVVFlfocgezQEBDg,https://www.youtube.com/channel/UC0_CSKUIVVFlfocgezQEBDg,Eric Dubay
UC4ocopmnWmwViIHELoo1Gkg,https://www.youtube.com/channel/UC4ocopmnWmwViIHELoo1Gkg,harmony
UC0uTPqBCFIpZxlz_Lv1tk_g,https://www.youtube.com/channel/UC0uTPqBCFIpZxlz_Lv1tk_g,Protesilaos Stavrou
UC3vIimi9q4AT8EgxYp_dWIw,https://www.youtube.com/channel/UC3vIimi9q4AT8EgxYp_dWIw,NixOS
UC7wffWCb-k1F7oEyGMR8TTg,https://www.youtube.com/channel/UC7wffWCb-k1F7oEyGMR8TTg,Christian Prince
UC6biysICWOJ-C3P4Tyeggzg,https://www.youtube.com/channel/UC6biysICWOJ-C3P4Tyeggzg,Low Level Learning
UC4QZ_LsYcvcq7qOsOhpAX4A,https://www.youtube.com/channel/UC4QZ_LsYcvcq7qOsOhpAX4A,ColdFusion
UC6rE8DCMFYDcxOlvYG3JtBw,https://www.youtube.com/channel/UC6rE8DCMFYDcxOlvYG3JtBw,Mr. Tamizhan
UC7e6rFk0UlRHNppRfTlxUuQ,https://www.youtube.com/channel/UC7e6rFk0UlRHNppRfTlxUuQ,Hidden AmuraKa: Thrice Greatest
UC8wKWWarusivFpIcUx9ilOw,https://www.youtube.com/channel/UC8wKWWarusivFpIcUx9ilOw,By Default
UC801pUhhTlyLEtEDuCwalZw,https://www.youtube.com/channel/UC801pUhhTlyLEtEDuCwalZw,Bob of Speaker's Corner
UC9jXfWqt9rxJyRmdhKusR4g,https://www.youtube.com/channel/UC9jXfWqt9rxJyRmdhKusR4g,3L0C
UCAMu6Dso0ENoNm3sKpQsy0g,https://www.youtube.com/channel/UCAMu6Dso0ENoNm3sKpQsy0g,Nir Lichtman
UC9iIZaEy1r_q6CRAiXBqXOA,https://www.youtube.com/channel/UC9iIZaEy1r_q6CRAiXBqXOA,cazz
UCA-LWJLcBkSZrFjWhQc_mzA,https://www.youtube.com/channel/UCA-LWJLcBkSZrFjWhQc_mzA,Learning Screen
UC8OJagbECdNfwOpAxHPxSgg,https://www.youtube.com/channel/UC8OJagbECdNfwOpAxHPxSgg,Cassady Campbell
UCBKNuaxVlSNvIN139KplUKw,https://www.youtube.com/channel/UCBKNuaxVlSNvIN139KplUKw,Vhyrro
UC8c7-KzsxV-xvOGs0Fhi9Cg,https://www.youtube.com/channel/UC8c7-KzsxV-xvOGs0Fhi9Cg,Khorvie Tech
UCAOG_5WJGOMgrdsF85EmqPw,https://www.youtube.com/channel/UCAOG_5WJGOMgrdsF85EmqPw,INFINITY FLICK
UCAkPQz7VXK3pAJOP2wvpbzQ,https://www.youtube.com/channel/UCAkPQz7VXK3pAJOP2wvpbzQ,Fully HangOver
UCBvc7pmUp9wiZIFOXEp1sCg,https://www.youtube.com/channel/UCBvc7pmUp9wiZIFOXEp1sCg,DemolitionRanch
UC5sqmi33b7l9kIYa0yASOmQ,https://www.youtube.com/channel/UC5sqmi33b7l9kIYa0yASOmQ,FreshandFit
UC8ENHE5xdFSwx71u3fDH5Xw,https://www.youtube.com/channel/UC8ENHE5xdFSwx71u3fDH5Xw,ThePrimeagen
UC5qDet6sa6rODi7t6wfpg8g,https://www.youtube.com/channel/UC5qDet6sa6rODi7t6wfpg8g,InspiringPhilosophy
UCCdAuHh5MlTXQPxts1W9ICw,https://www.youtube.com/channel/UCCdAuHh5MlTXQPxts1W9ICw,Orthodox Shahada
UCBIfwVnbHy5K5YnTWdwkb9A,https://www.youtube.com/channel/UCBIfwVnbHy5K5YnTWdwkb9A,Young Don Reborn
UC12Ej8pVllgI1sZ1R9Zai4Q,https://www.youtube.com/channel/UC12Ej8pVllgI1sZ1R9Zai4Q,G Engineer
UC1yGcBvdPGxRIMT1yo_bKIQ,https://www.youtube.com/channel/UC1yGcBvdPGxRIMT1yo_bKIQ,Jake@Linux
UC2eYFnH61tmytImy1mTYvhA,https://www.youtube.com/channel/UC2eYFnH61tmytImy1mTYvhA,Luke Smith
UCHGRRxKYqa7q5Hc_m8syy7w,https://www.youtube.com/channel/UCHGRRxKYqa7q5Hc_m8syy7w,Finoy
UCJ0-v4u19VS7gU3jW3O05Vw,https://www.youtube.com/channel/UCJ0-v4u19VS7gU3jW3O05Vw,FredTheMathematician
UCDN6aoIfA-grXvUJGL7fFiQ,https://www.youtube.com/channel/UCDN6aoIfA-grXvUJGL7fFiQ,Jai & DoC
UCIabPXjvT5BVTxRDPCBBOOQ,https://www.youtube.com/channel/UCIabPXjvT5BVTxRDPCBBOOQ,Dani
UCKZozRVHRYsYHGEyNKuhhdA,https://www.youtube.com/channel/UCKZozRVHRYsYHGEyNKuhhdA,Think School
UCG4PGd_4IVdFQFKZIiKioaQ,https://www.youtube.com/channel/UCG4PGd_4IVdFQFKZIiKioaQ,The World Hates Us
UCKMemIncTbX3v136pHDy2cA,https://www.youtube.com/channel/UCKMemIncTbX3v136pHDy2cA,HISTORY TV18 Tamil
UCJsinEiaDqEn8a-GcADVEVA,https://www.youtube.com/channel/UCJsinEiaDqEn8a-GcADVEVA,Andrea Borman
UCF1f7vTqonOIwaGU6DwTvjg,https://www.youtube.com/channel/UCF1f7vTqonOIwaGU6DwTvjg,Ancient Egypt and the Bible
UCJdmdUp5BrsWsYVQUylCMLg,https://www.youtube.com/channel/UCJdmdUp5BrsWsYVQUylCMLg,Erik Dubois
UCJNgMVaiBmD2W701dALL9Iw,https://www.youtube.com/channel/UCJNgMVaiBmD2W701dALL9Iw,Dr. Chris Raynor | Not Your Everyday Ortho
UCKtalBxJ2jMONQ2BTgvDS1g,https://www.youtube.com/channel/UCKtalBxJ2jMONQ2BTgvDS1g,Orthocracy
UCCKkuXux09y-TCg-BQxCjNA,https://www.youtube.com/channel/UCCKkuXux09y-TCg-BQxCjNA,Code Blue Cam
UCCSxTeUNNKEV35LMWCeEg2g,https://www.youtube.com/channel/UCCSxTeUNNKEV35LMWCeEg2g,Zherka Rizz Clips
UCH7M3izEKobZISdPy4LagHQ,https://www.youtube.com/channel/UCH7M3izEKobZISdPy4LagHQ,Frater Lux (spreadology) 
UCDegELz43EHCeno15AYn1mQ,https://www.youtube.com/channel/UCDegELz43EHCeno15AYn1mQ,Zherka Crusader
UCICntJQVBt-KvrEifm1N1_Q,https://www.youtube.com/channel/UCICntJQVBt-KvrEifm1N1_Q,Mr Xplainer Tamil
UCMU--mVsrZ3LE2T9zUBf-Zg,https://www.youtube.com/channel/UCMU--mVsrZ3LE2T9zUBf-Zg,Flat Earth Dave Interviews
UCN4D1VXjrMof5Fpzmr-NW9A,https://www.youtube.com/channel/UCN4D1VXjrMof5Fpzmr-NW9A,Cocaine Crusader
UCAiiOTio8Yu69c3XnR7nQBQ,https://www.youtube.com/channel/UCAiiOTio8Yu69c3XnR7nQBQ,System Crafters
UCMnpuoJ_srGxtze1f8h834g,https://www.youtube.com/channel/UCMnpuoJ_srGxtze1f8h834g,Active Editz
UCAiUzFmIcHrYGEn_AVULcNw,https://www.youtube.com/channel/UCAiUzFmIcHrYGEn_AVULcNw,Radar Apologetics
UCOR4Fcna3POXaVPv7llgisg,https://www.youtube.com/channel/UCOR4Fcna3POXaVPv7llgisg,MXT Dramas
UCOvidg1tD2CxSrEDtmUKfBw,https://www.youtube.com/channel/UCOvidg1tD2CxSrEDtmUKfBw,Bad History
UCJ2K6PrOF50SP_4mbKpRNnA,https://www.youtube.com/channel/UCJ2K6PrOF50SP_4mbKpRNnA,Patristic Pillars
UCPUe9uOcp1UMpVi6Vll60Jw,https://www.youtube.com/channel/UCPUe9uOcp1UMpVi6Vll60Jw,Garbaj
UCPIM-Ev-sEJ_aEcpDCndqUQ,https://www.youtube.com/channel/UCPIM-Ev-sEJ_aEcpDCndqUQ,Advocate Vignesh MuthuKumar
UCMiyV_Ib77XLpzHPQH_q0qQ,https://www.youtube.com/channel/UCMiyV_Ib77XLpzHPQH_q0qQ,Veronica Explains
UCDwMsoCCKI_tcXBfgwqqGeg,https://www.youtube.com/channel/UCDwMsoCCKI_tcXBfgwqqGeg,vinny stvincent
UCO-lc_oipf900w6792AiywA,https://www.youtube.com/channel/UCO-lc_oipf900w6792AiywA,Apocrypha Apocalypse
UCHUaOUUe8Ys0bsAxUCqCVNg,https://www.youtube.com/channel/UCHUaOUUe8Ys0bsAxUCqCVNg,Full Armor Apologetics
UCHQRArRGoMXY6CqLLCoXQVg,https://www.youtube.com/channel/UCHQRArRGoMXY6CqLLCoXQVg,Bleau Jackson
UCICHplk4dl0WV4Z8mWL2u5w,https://www.youtube.com/channel/UCICHplk4dl0WV4Z8mWL2u5w,Mr. Freeman (English)
UCGgc12nS6pexibI8VrjX_eQ,https://www.youtube.com/channel/UCGgc12nS6pexibI8VrjX_eQ,Jon Zherka Clips
UCTIuWYnWo-7CmYZqXD8WFRA,https://www.youtube.com/channel/UCTIuWYnWo-7CmYZqXD8WFRA,TAMIL VOICE OVER
UCSQvRH3lraFyWqeBYawdDZA,https://www.youtube.com/channel/UCSQvRH3lraFyWqeBYawdDZA,Mumtaz El-Haqq
UCVk4b-svNJoeytrrlOixebQ,https://www.youtube.com/channel/UCVk4b-svNJoeytrrlOixebQ,TheVimeagen
UCWEVAMMyXF2NP5txDESGemg,https://www.youtube.com/channel/UCWEVAMMyXF2NP5txDESGemg,Fat Dino
UCFhXFikryT4aFcLkLw2LBLA,https://www.youtube.com/channel/UCFhXFikryT4aFcLkLw2LBLA,NileRed
UCWu-IOxbeSD-MRM2Q87ZF0A,https://www.youtube.com/channel/UCWu-IOxbeSD-MRM2Q87ZF0A,Think Before You Sleep
UCWQaM7SpSECp9FELz-cHzuQ,https://www.youtube.com/channel/UCWQaM7SpSECp9FELz-cHzuQ,Dreams of Code
UCWvOWoP13fXw1DlfKVRnZgw,https://www.youtube.com/channel/UCWvOWoP13fXw1DlfKVRnZgw,FreshandFit Clips
UCXIovaBdnA4UHdd-TZ-MqRg,https://www.youtube.com/channel/UCXIovaBdnA4UHdd-TZ-MqRg,GLOBEBUSTERS
UCVtWVX2xirq6Nybf5bumqwg,https://www.youtube.com/channel/UCVtWVX2xirq6Nybf5bumqwg,Foolish Fish
UCY00j4LnwA5b3qW6q3umBTA,https://www.youtube.com/channel/UCY00j4LnwA5b3qW6q3umBTA,Mr. WWC Tamil
UCHG6AY0umY1sYRWXkHpU3-w,https://www.youtube.com/channel/UCHG6AY0umY1sYRWXkHpU3-w,Lauren Dalton
UCWcemHtTSe31FbFa3yvvkoQ,https://www.youtube.com/channel/UCWcemHtTSe31FbFa3yvvkoQ,TactiGamer
UCY_O-XvnMTGeWnGTsEgqOOg,https://www.youtube.com/channel/UCY_O-XvnMTGeWnGTsEgqOOg,Jon Zherka
UCYeiozh-4QwuC1sjgCmB92w,https://www.youtube.com/channel/UCYeiozh-4QwuC1sjgCmB92w,DevOps Toolbox
UC_H6Uy8bOvEBj83ppsBxeYA,https://www.youtube.com/channel/UC_H6Uy8bOvEBj83ppsBxeYA,ZHERSKI
UCY1L1GiRMe6MuHxgjjaV7Jg,https://www.youtube.com/channel/UCY1L1GiRMe6MuHxgjjaV7Jg,Zherkascension
UCWS9XWOTDffaFNeDBvqHCPw,https://www.youtube.com/channel/UCWS9XWOTDffaFNeDBvqHCPw,ZherkaTahpia
UC_N0depW33CoX_Ah8HaFcsg,https://www.youtube.com/channel/UC_N0depW33CoX_Ah8HaFcsg,Late Night with Jon Zherka
UC_og-h2OBDBAj7xYIOL0kHA,https://www.youtube.com/channel/UC_og-h2OBDBAj7xYIOL0kHA,(Bit-Mage)
UCY1kMZp36IQSyNx_9h4mpCg,https://www.youtube.com/channel/UCY1kMZp36IQSyNx_9h4mpCg,Mark Rober
UCaGUoko2WvhZlJRoZnoE_3Q,https://www.youtube.com/channel/UCaGUoko2WvhZlJRoZnoE_3Q,Om Narayan Singh
UCRHXUZ0BxbkU2MYZgsuFgkQ,https://www.youtube.com/channel/UCRHXUZ0BxbkU2MYZgsuFgkQ,The Spiffing Brit
UCaqgoG_VCMhjccHPUIPpXfQ,https://www.youtube.com/channel/UCaqgoG_VCMhjccHPUIPpXfQ,A2D Bytes
UC_aEa8K-EOJ3D6gOs7HcyNg,https://www.youtube.com/channel/UC_aEa8K-EOJ3D6gOs7HcyNg,NoCopyrightSounds
UCatOm2VyJ-QvyhcLOauLmOQ,https://www.youtube.com/channel/UCatOm2VyJ-QvyhcLOauLmOQ,Sid The IT Guy
UC_BfNXro27qJmlKbuSxVE0w,https://www.youtube.com/channel/UC_BfNXro27qJmlKbuSxVE0w,MrSnite Tamil
UCb6Mfq37oN02MXbGx6FYyJw,https://www.youtube.com/channel/UCb6Mfq37oN02MXbGx6FYyJw,Hendz Advice
UCaZ2cNfzVDi8Ujy0lF7Lc3g,https://www.youtube.com/channel/UCaZ2cNfzVDi8Ujy0lF7Lc3g,Luke Pighetti
UCa_SOEXD5pGMaLpj9dILMBQ,https://www.youtube.com/channel/UCa_SOEXD5pGMaLpj9dILMBQ,Benny Productions
UCe0fMfiqa7AlkkHHKyRNvSg,https://www.youtube.com/channel/UCe0fMfiqa7AlkkHHKyRNvSg,Road to Vostok
UCa0sj2g3VKRrj4dzO2OHTZQ,https://www.youtube.com/channel/UCa0sj2g3VKRrj4dzO2OHTZQ,Cinou
UCIwMLF3F5Hw7izEitr0caCQ,https://www.youtube.com/channel/UCIwMLF3F5Hw7izEitr0caCQ,Arshath Vlog's
UCSJKQnpmPcdkysduL0mNktg,https://www.youtube.com/channel/UCSJKQnpmPcdkysduL0mNktg,teej_daily
UCSaY-nMkhgmdYYPWX9wZzTQ,https://www.youtube.com/channel/UCSaY-nMkhgmdYYPWX9wZzTQ,Jon Zherka Archive
UCeZyoDTk0J-UPhd7MUktexw,https://www.youtube.com/channel/UCeZyoDTk0J-UPhd7MUktexw,LibrePhoenix
UCd3dNckv1Za2coSaHGHl5aA,https://www.youtube.com/channel/UCd3dNckv1Za2coSaHGHl5aA,TJ DeVries
UCTCDjn7rnejAvhOrhlVgZrw,https://www.youtube.com/channel/UCTCDjn7rnejAvhOrhlVgZrw,Elijah Manor
UCVfwlh9XpX2Y_tQfjeln9QA,https://www.youtube.com/channel/UCVfwlh9XpX2Y_tQfjeln9QA,BibleProject
UCbNcr0Zb-BnNrAXb7g9b_GQ,https://www.youtube.com/channel/UCbNcr0Zb-BnNrAXb7g9b_GQ,sc6ut
UCfpVhMlM9PGCbYYK1QR7AqQ,https://www.youtube.com/channel/UCfpVhMlM9PGCbYYK1QR7AqQ,Zherka Highlights
UCewHMHmERjN2cOQ0e9ErKzQ,https://www.youtube.com/channel/UCewHMHmERjN2cOQ0e9ErKzQ,Mr. KK - கதை கந்தசாமி
UCfTJJ9hIy6Us3JVJV_4eKzg,https://www.youtube.com/channel/UCfTJJ9hIy6Us3JVJV_4eKzg,GodLogic Apologetics
UCefl8NxGCklmljTRAtEaxag,https://www.youtube.com/channel/UCefl8NxGCklmljTRAtEaxag,Zoomer Content
UCbEYjl3nDPLiltcmIjOGJdA,https://www.youtube.com/channel/UCbEYjl3nDPLiltcmIjOGJdA,Catholic Truth
UCh5wz3b6LBaesAYfR7vCaiw,https://www.youtube.com/channel/UCh5wz3b6LBaesAYfR7vCaiw,Heel Island
UCQQbLDmX25HmX40bBRDpbrw,https://www.youtube.com/channel/UCQQbLDmX25HmX40bBRDpbrw,Daily Catholic Inspiration
UCg6gPGh8HU2U01vaFCAsvmQ,https://www.youtube.com/channel/UCg6gPGh8HU2U01vaFCAsvmQ,Chris Titus Tech
UCPgQs00LJYcATD0Uf7naPwA,https://www.youtube.com/channel/UCPgQs00LJYcATD0Uf7naPwA,A2D Army
UCe_vXdMrHHseZ_esYUskSBw,https://www.youtube.com/channel/UCe_vXdMrHHseZ_esYUskSBw,CrazyRussianHacker
UCSxKBShys3kLEZJqJPS0WAg,https://www.youtube.com/channel/UCSxKBShys3kLEZJqJPS0WAg,Flat Earth Dave Interviews 2
UCTfCrRvw_uSEFJLh4eZvBYQ,https://www.youtube.com/channel/UCTfCrRvw_uSEFJLh4eZvBYQ,lofieditor
UCS97tchJDq17Qms3cux8wcA,https://www.youtube.com/channel/UCS97tchJDq17Qms3cux8wcA,chris@machine
UCQtW2oz8ec8pHjjxawujNjg,https://www.youtube.com/channel/UCQtW2oz8ec8pHjjxawujNjg,Free Documentary - Nature
UCTrSsPMmZavLbc3Ex7VhjDg,https://www.youtube.com/channel/UCTrSsPMmZavLbc3Ex7VhjDg,Brandon Herrera
UCVVQQ_nUBRSsBTBaQgfrGzQ,https://www.youtube.com/channel/UCVVQQ_nUBRSsBTBaQgfrGzQ,christian..w
UCTxfYLmM82aMCovQexkRxFQ,https://www.youtube.com/channel/UCTxfYLmM82aMCovQexkRxFQ,Cherry Vlogs
UCTrz3UN8LlvHjlDjy60NXlA,https://www.youtube.com/channel/UCTrz3UN8LlvHjlDjy60NXlA,Kendall Gray
UCUyeluBRhGPCW4rPe_UvBZQ,https://www.youtube.com/channel/UCUyeluBRhGPCW4rPe_UvBZQ,ThePrimeTime
UCm0OhJoAqrRJ4rd0qmKO2Ug,https://www.youtube.com/channel/UCm0OhJoAqrRJ4rd0qmKO2Ug,SIMPLE DHAA
UCmVphJplIkV3ueVa_UjnzRQ,https://www.youtube.com/channel/UCmVphJplIkV3ueVa_UjnzRQ,Mr Tamilan Hollywood Movies
UCo71RUe6DX4w-Vd47rFLXPg,https://www.youtube.com/channel/UCo71RUe6DX4w-Vd47rFLXPg,typecraft
UCnr5SyC-ZFtmO1qFvN0x42w,https://www.youtube.com/channel/UCnr5SyC-ZFtmO1qFvN0x42w,ChristisKing
UCnhDCF3Slf9MlmYGIr47y-g,https://www.youtube.com/channel/UCnhDCF3Slf9MlmYGIr47y-g,LinuxTechGeek
UCnJeHSBPP2nGSNnCpDv_Hpg,https://www.youtube.com/channel/UCnJeHSBPP2nGSNnCpDv_Hpg,AsabinArt
UCofvqbHOJtosIIZDiL0E8Ag,https://www.youtube.com/channel/UCofvqbHOJtosIIZDiL0E8Ag,Christ Over ALL
UCppiOhLD5jQgs6m0j9-PYOA,https://www.youtube.com/channel/UCppiOhLD5jQgs6m0j9-PYOA,typecraft talks
UCgFvT6pUq9HLOvKBYERzXSQ,https://www.youtube.com/channel/UCgFvT6pUq9HLOvKBYERzXSQ,Davie504
UCpwl7jNE9PJc-lBTShNs5TQ,https://www.youtube.com/channel/UCpwl7jNE9PJc-lBTShNs5TQ,Coding with Sphere
UCh0M3WDSndcdWUFkRT0oHgA,https://www.youtube.com/channel/UCh0M3WDSndcdWUFkRT0oHgA,Gameplay On Tamil
UCoeVNCsRn3HHKzd-ygDnHnw,https://www.youtube.com/channel/UCoeVNCsRn3HHKzd-ygDnHnw,King of Fire
UChmpGTE6OayJgRv77wPX2Nw,https://www.youtube.com/channel/UChmpGTE6OayJgRv77wPX2Nw,Jakub Wuzik
UCr4YhASEmW_7lCflg5qrzJA,https://www.youtube.com/channel/UCr4YhASEmW_7lCflg5qrzJA,Ayako Tech Tips
UCmlI3T7VKYjkXM8GS61k_EQ,https://www.youtube.com/channel/UCmlI3T7VKYjkXM8GS61k_EQ,TAMIL VOICE OVER - SERIES
UCp68_FLety0O-n9QU6phsgw,https://www.youtube.com/channel/UCp68_FLety0O-n9QU6phsgw,colinfurze
UCS_FY5mR4g22L_E9t1D_ExQ,https://www.youtube.com/channel/UCS_FY5mR4g22L_E9t1D_ExQ,jeranism
UCSonXrsS7VpQ-xRHDmyDJig,https://www.youtube.com/channel/UCSonXrsS7VpQ-xRHDmyDJig,AhmadExmuslim
UCrZ_d1806QQW_QTy4HDlavQ,https://www.youtube.com/channel/UCrZ_d1806QQW_QTy4HDlavQ,ZROSEZZ
UCbRTiEWx2-EQki78qRbTgmA,https://www.youtube.com/channel/UCbRTiEWx2-EQki78qRbTgmA,THAMBI POVOMA
UChXYMc0EzKcbGtUVH0-2NQw,https://www.youtube.com/channel/UChXYMc0EzKcbGtUVH0-2NQw,JEETKUNEDO APOLOGETICS
UChxwvZ-7WcmNAhl6Gv2thoA,https://www.youtube.com/channel/UChxwvZ-7WcmNAhl6Gv2thoA,Our Only Hope
UClg63dXsx8Cow9ANfETJmfQ,https://www.youtube.com/channel/UClg63dXsx8Cow9ANfETJmfQ,Voice of Reason 
UCiyIXknJOnGXmnYB3UrXaHQ,https://www.youtube.com/channel/UCiyIXknJOnGXmnYB3UrXaHQ,Lloyd De Jongh
UCkpBmkoZ6yToHhB8uFDp46Q,https://www.youtube.com/channel/UCkpBmkoZ6yToHhB8uFDp46Q,Father Spyridon
UCjC8sqwzUme0LDJ2CeCx2Rw,https://www.youtube.com/channel/UCjC8sqwzUme0LDJ2CeCx2Rw,Guna shanmuga
UCmCOfHxrryLPtOlMfdayJmw,https://www.youtube.com/channel/UCmCOfHxrryLPtOlMfdayJmw,Ksk Royal
UCqNkSVuGsgMmhZZKvQH9Nag,https://www.youtube.com/channel/UCqNkSVuGsgMmhZZKvQH9Nag,Zherka Mission
UCky2SpQDco2CYLIyRd-PjjA,https://www.youtube.com/channel/UCky2SpQDco2CYLIyRd-PjjA,Infinity Apologetics
UCld68syR8Wi-GY_n4CaoJGA,https://www.youtube.com/channel/UCld68syR8Wi-GY_n4CaoJGA,Brodie Robertson
UCi-xN4ZB6e-0JcXzvBEomlw,https://www.youtube.com/channel/UCi-xN4ZB6e-0JcXzvBEomlw,Gaming Sound FX
UCgkNOeSpVp7kiwKsXZ_IPHQ,https://www.youtube.com/channel/UCgkNOeSpVp7kiwKsXZ_IPHQ,Photo Manipulation
UClnGoLXOtPoSfz_V8Ht2zIA,https://www.youtube.com/channel/UClnGoLXOtPoSfz_V8Ht2zIA,Witsit Gets It
UClWTBNGnjXEZOtEwEp9BGTg,https://www.youtube.com/channel/UClWTBNGnjXEZOtEwEp9BGTg,"Flat Earth Sun, Moon & Zodiac Clock app"
UCkwRYP1J1hjRXwo5lyBRWdQ,https://www.youtube.com/channel/UCkwRYP1J1hjRXwo5lyBRWdQ,0xAquaWolf
UCFJOedcf0Op002r4S5UUESQ,https://www.youtube.com/channel/UCFJOedcf0Op002r4S5UUESQ,ebola man
UC_IXSJtM-BKyy-suKuLwEqw,https://www.youtube.com/channel/UC_IXSJtM-BKyy-suKuLwEqw,SHAMOUNIAN
UCtYg149E_wUGVmjGz-TgyNA,https://www.youtube.com/channel/UCtYg149E_wUGVmjGz-TgyNA,Titus Tech Talk
UCWMV8dD0N3tAM2W6GuNCUCg,https://www.youtube.com/channel/UCWMV8dD0N3tAM2W6GuNCUCg,theunrealtarik

